,k_onA,k_onB_c,kbind_c,kbind_m,k_rel,k_seq_multiplier,k_rel_multiplier,tau_anox
4627,-1.180323515758622,1.996389200269736,0.708828684953832,-0.8970106236113413,-1.380695345224415,2.752294993365796,-2.9998903853382224,1.6044380895867587
